<?xml version="1.0" encoding="UTF-8" standalone="yes"?>
<addon id="repository.the-film-zone" name="the-film-zone official Repo" version="1.1.0" provider-name="the-film-zone">
	<extension point="xbmc.addon.repository" name="the-film-zone official Repo">
		<info compressed="false">https://raw.githubusercontent.com/danim100/the-film-zone/master/addons.xml</info>
		<checksum>https://raw.githubusercontent.com/danim100/the-film-zone/master/addons.md5</checksum>
		<datadir zip="true">https://raw.githubusercontent.com/danim100/the-film-zone/master</datadir>
	</extension>
	<extension point="xbmc.addon.metadata">
		<summary>The-Film-Zone official Repo</summary>
   		<description lang="en">Instala los Addons de The-Film-Zone</description>
		<disclaimer></disclaimer>
		<platform>all</platform>
	</extension>
</addon>